pandal_id	old_station	new_station	old_km	new_km
roychoudhury_bari	Shobhabazar Sutanuti	Sakher Bazar	13.8	0.7
uddipani-park-circus-sarbojanin-durgotsab	Belgachhia	Kalighat	10.3	1.3
shyampukur-sanghatirtha-durga-puja-samity-sanghatirtha	Sealdah	Sovabazar Sutanuti	3.6	0.6
ramkrishapur-sarbojanin-durgotsab	Howrah Maidan	Kalighat	8.2	1.6
alpha-atheletic-association	Howrah Maidan	Central	3.8	0.6
yogipara-puja-kalyan-samity	Girish Park	Kalighat	7.8	1.2
debdaru-fatak-sarbojanin-durgotsab	Kalighat	Behala Bazar	3.5	0.1
nirvik-sangha	Shyambazar	Central Park	6.9	3.7
keshtopur-prafulla-kanan-paschim-adhibasi-brinda	Dum Dum	Central Park	4.3	1.0
tekiapara-sarbojanin-durgotsab-committee	Howrah Maidan	Kalighat	8.5	1.7
udayan-sangha	Sakher Bazar	Sealdah	10.3	1.0
sitala-maitri-sangha	Kalighat	Shahid Khudiram	10.9	3.6
the-newalipore-association	Majerhat	Kalighat	4.1	1.6
beadon-row-suchetana-organization	Girish Park	Kalighat	7.8	1.4
jhawtala-sarbojanin	Rabindra Sadan	Bengal Chemical	8.2	0.6
sarbodaya-sammilani	Kavi Subhash	Dum Dum	16.2	0.6
mechua-bazar-sarbojanik-durgapuja-samity	Mahatma Gandhi Road	Kalighat	6.9	1.4
khidderpore-abhiyan	Majerhat	Kalighat	4.0	1.6
krishnabagan-junior-sangha	Shyambazar	Kalighat	9.7	1.8
salkia-sadharan-durga-puja-jatadhari-park	Phoolbagan	Sovabazar Sutanuti	6.3	2.7
bijoypur-sarbojanin-durgapuja-committee	Dum Dum	Dakshineswar	8.5	5.5
ramakrishna-atheletic-club	Howrah Maidan	Kalighat	8.3	1.4
ward-no1-sadharan-durgotsab-o-pradarshani	Dakshineswar	Kalighat	15.3	1.2
forward-club	Dum Dum	Kalighat	12.3	0.2
dilip-smriti-sangha	Behala Chowrasta	Kalighat	4.6	0.1
nawpara-sammilita-sarbojanin-durgautsab	Noapara	Kalighat	13.8	1.5
ramgarh-jayasrinagar-association	Gitanjali	Kalighat	5.3	1.8
vivekananda-sarbojanin-durgotsab	Kavi Nazrul	Girish Park	13.7	0.7
sree-sangha-puja-committee	Kalighat	Behala Bazar	3.8	0.2
pallir-yubak-brinda	Rabindra Sarobar	Central	7.4	0.7
ultadanga-sangrami-sarbojanin-durgotsab	Belgachhia	Kalighat	10.0	1.2
shyama-palli-shyama-sangha	Kavi Nazrul	Kalighat	6.3	1.3
milan-chakra	Phoolbagan	Kalighat	6.5	1.5
nabin-pally-sarbojanin-durgotsav-hatibagan-nabinpally	Phoolbagan	Sovabazar Sutanuti	3.6	0.1
putiary-sarbojonin-durgotsab-committee	Netaji	Kalighat	4.2	1.8
sanghamitra	Gitanjali	Netaji Bhavan	7.3	0.5
tentulberia-shibtalapark-sarbojanin-durgotsab	Kavi Subhash	Sovabazar Sutanuti	14.2	0.2
kidderpore-pally-saradiya	Majerhat	Howrah Maidan	7.6	0.9
25-pally-club	Majerhat	Howrah Maidan	7.1	1.0
sarkar-bagan-sammilita-sangha-durga-puja	Phoolbagan	Belgachia	4.1	0.4
naba-jagrata-sangha	Jatin Das Park	Phoolbagan	6.7	0.7
sarbojanin-durgoutsav-committee	Esplanade	Kavi Sukanta	8.4	0.5
rajdanga-amra-kajan-kalyan-samiti	Hemanta Mukhopadhyay	Salt Lake Sector V	9.5	2.7
74-palli-sarbojanin-durgotsab-kidderpore	Majerhat	Howrah Maidan	7.1	1.1
dakshin-pally-sarbojanin-durgotsav-committtee	Kavi Subhash	Behala Bazar	8.7	0.2
kidderpore-bijoyee-sangha	Majerhat	Howrah Maidan	7.4	0.8
simulia-sarvajanin-durgotsav-samity-vivekananda-road	Majerhat	Girish Park	9.0	0.6
nabarag-kidderpore	Majerhat	Howrah Maidan	7.1	1.1
ajoynagar-sarbojanin-durgotsab-society	Kavi Subhash	Kalighat	6.4	1.6
baghajatin-b-cblock-durgotsav-committee	Shahid Khudiram	Mahanayak Uttam Kumar	4.2	1.9
loona-7-star	Kavi Nazrul	Kalighat	6.0	1.6
satattar-palli-sarbojanin-durgotsab-committee	Majerhat	Kalighat	4.0	1.5
purba-barisha-sitalatala-kishore-sangha	Sakher Bazar	Kalighat	6.2	1.3
tarun-dall-puja-committee	Dum Dum	Thakurpukur	19.5	0.3
netajigarh-nagarik-brinda	Baranagar	Howrah Maidan	6.6	2.2
avijit-club	Hemanta Mukhopadhyay	Phoolbagan	6.1	0.5
dakshinpara-durgotsab-committee	Dakshineswar	Dum Dum	5.9	1.0
sobhabazar-sarbojanin-durgotsab	Shobhabazar Sutanuti	Kalighat	8.7	1.6
judgebagan-sarbojanin-durgotsav	Dum Dum	Kalighat	12.0	1.4
yuba-brinda	Dum Dum	Kalighat	11.8	1.4
santoshpur-sagnik	Kavi Sukanta	Kalighat	4.6	1.2
nabapally-adhibasi-brinda	Kavi Nazrul	Kalighat	6.3	1.2
jamini-kaviraj-row-kalyan-sangha	Shobhabazar Sutanuti	Kalighat	9.0	1.2
sahidnagar-sarbojanin-durgotsab	Hemanta Mukhopadhyay	Kalighat	4.0	1.7
hossenpur-kishore-sangha	Kavi Sukanta	Salt Lake Sector V	10.4	2.4
shibrampur-aswathala-sarbojanin-durgotsav-committee	Sakher Bazar	Kalighat	6.5	1.3
agradoot-durotsab-samity	Shyambazar	Netaji Bhavan	8.1	2.2
bengal-united-club	Central	Kalighat	5.8	1.6
jubamaitry	Kavi Nazrul	Kalighat	6.2	1.3
mahatirtham-durgotsabkalikapur	Kavi Sukanta	Kalighat	4.1	1.8
trinayanee	Hemanta Mukhopadhyay	Kalighat	4.3	1.4
hindusthan-park-durgotsab-committeepurbachal	Hemanta Mukhopadhyay	Kalighat	4.1	1.5
natunpally-pradip-sangha	Gitanjali	City Centre	14.5	1.1
udayan-kidderpore	Majerhat	Howrah Maidan	7.5	1.0
khardah-arunachal-sarbojanin-sree-sree-sarbojanin-durgotsab	Kalighat	Dakshineswar	22.1	7.1
haridas-saha-bazar-abasik-kalyan-samity	Gitanjali	Kalighat	5.3	1.4
tarun-matri-sevak-samity	Girish Park	Behala Bazar	10.7	0.2
tamer-lane-sarbojanin-durgotsab	Mahatma Gandhi Road	Kalighat	7.0	1.7
young-corner-park-circus	Sealdah	Kalighat	5.8	1.3
prafulla-kanan-balak-brinda-east	Dum Dum	Central Park	4.5	0.8
kasba-uttarpara-arabinda-sporting-club	Hemanta Mukhopadhyay	Kalighat	3.9	1.7
balnabin-sangha-muktarambabu-st	Mahatma Gandhi Road	Kalighat	6.9	1.5
dharsa-vratri-sangha-sarbojanin-durgotsav-committee	Howrah Maidan	Kalighat	8.3	1.7
pagla-fouz	Jatin Das Park	Howrah Maidan	7.3	0.1
golden-arrow-club	Dum Dum	Kalighat	11.9	1.5
kanjial-para-puja-samity	Dakshineswar	City Centre	9.4	0.6
adarsha-pally-sarbojanin-durgotsab-committee	Netaji	Taratala	3.3	0.9
amra-kajan-sporting-club	Netaji Bhavan	Behala Bazar	4.6	0.3
dakshin-palli-sarbojanin-durgotsab-committee	Kavi Subhash	Kalighat	6.6	1.5
abasar-sarbojanin-durgotsab-committee	Netaji Bhavan	Howrah Maidan	6.5	0.3
halderpara-friends-association	Kalighat	Howrah Maidan	7.9	0.2
central-park-youth-association	Central Park	Mahanayak Uttam Kumar	11.6	2.5
youth-recreation-centre	Dum Dum	Kalighat	12.2	1.7
lakeview-park-durgotsab-samity	Baranagar	Kalighat	13.6	1.6
bagha-jatin-tarun-sangha	Shahid Khudiram	Mahanayak Uttam Kumar	4.2	2.5
nabapalli-sangha-sarbojanin-durgotsab	Kavi Nazrul	Kalighat	6.5	1.4
laha-colony-bibek-sangha	Central	Dum Dum	7.6	1.3
santi-pally-puja-samity	Hemanta Mukhopadhyay	Rabindra Sarobar	5.3	0.8
sadananda-smrity-sangha	Kalighat	Howrah Maidan	11.5	3.9
naskarpur-sarbojanin-durgotsabbehala-samsad	Kavi Subhash	Behala Chowrasta	9.2	0.6
vivekananda-park-athletic-club	Kalighat	Netaji	4.5	1.1
nandaram-street-sarbojanin-durgotsab-samity	Central	Sovabazar Sutanuti	3.4	0.3
alipore-tarundal-durgotsab-committee	Dum Dum	Kalighat	12.2	0.4
kabirajbagan-sarbajanin-durgotsav-committee	Belgachhia	Kalighat	10.3	1.4
parasar-nabodaya-sangha	Kalighat	Dakshineswar	20.5	5.8
swadhinata-udjapan-samity-kakurgachi-c-i-t-rd	Netaji	Kalighat	4.5	1.4
monotosh-smrity-sangha	Shyambazar	Kalighat	9.5	0.2
roy-bahadur-road-netaji-sporting-club	Behala Chowrasta	City Centre	15.3	1.6
bhukailash-road-sarbojanin-durgotsab-samity	Majerhat	Kalighat	3.8	1.3
ariadaha-pragati-sangha	Dakshineswar	Sovabazar Sutanuti	6.2	0.2
charer-palli-sarbojanin-durgotsab-committee	Majerhat	Dum Dum	12.7	0.9
manasbag-sarbojanin-durgotsab	Belgachhia	Noapara	5.8	2.2
metropolitan-sarbajanin-durgautshab	Bengal Chemical	Salt Lake Sector V	5.3	2.4
kamardanga-sitalatala-puja-committee	Sealdah	Howrah Maidan	6.0	1.5
bamanmura-main-road-durgapuja-committee	Dum Dum	Noapara	9.8	8.2
barowarikhola-kali-mandir-durga-mandir	Dakshineswar	Noapara	10.7	8.8
nabajagarani-sangha-durga-puja-mandap	Dum Dum	Noapara	10.0	8.4
ramkrishnapally-durga-puja-math	Dum Dum	Noapara	9.8	8.1
shibtala-durga-mandap-madhyamgram	Dum Dum	Noapara	10.4	8.8
shreenagar-durgamondop	Kavi Nazrul	Noapara	27.2	8.9
dhaniapara-puja-mandap	Dum Dum	Dakshineswar	15.0	11.2
durga-puja-pandal-barrackpore	Noapara	Dakshineswar	13.8	12.0
palta-yuba-sports-cultural-club-durga-puja	Noapara	Dakshineswar	17.0	15.3
sri-sangha-durga-puja-area	Kalighat	Behala Bazar	3.5	0.2
mohammed-ali-park-muhammad-ali-park	Jatin Das Park	Mahatma Gandhi Road	6.3	0.6
jubok-sangho-puja-mandap	Shobhabazar Sutanuti	Noapara	6.9	2.7
kadamtala-durga-mandap	Howrah Maidan	Dum Dum	7.0	0.8
maitreyi-durga-puja-mandap	Kalighat	Dum Dum	12.8	1.0
37-palli-durga-puja-pandal	Kavi Subhash	Central	11.8	0.7
jagari-sangha	Kavi Nazrul	Kavi Sukanta	4.8	1.2
nandan-durga-puja-pandal	Rabindra Sadan	Shahid Khudiram	12.0	2.9
durga-puja-pandal-serampore-mahesh-colony	Rabindra Sarobar	Dakshineswar	27.3	11.2
kundubagan-abasik-samiti-durga-mandir	Dum Dum	Dakshineswar	14.7	10.5
milan-samity-durga-puja-serampore	Dum Dum	Dakshineswar	15.2	10.9
annapurna-club-durga-puja-pandal	Dum Dum	Howrah Maidan	7.8	0.1
bagnan-naba-jagaran-durga-puja-club	Howrah Maidan	Joka	39.2	34.5
fuleswar-south-side-durgapuja	Howrah Maidan	Joka	26.5	20.1
fultala-playground-durga-puja-pandal	Kavi Nazrul	Joka	27.7	19.9
pathakpara-barowari-puja-samiti	Howrah Maidan	Dakshineswar	7.2	1.0
baghajatin-b-c-durga-puja-art	Shahid Khudiram	Masterda Surya Sen	3.8	2.1
saradia-durga-puja-pandal-jadavpur	Kavi Sukanta	Kalighat	4.4	1.3
khidirpur-25-palli-durga-puja	Majerhat	Howrah Maidan	7.2	1.0
ba-block-durga-puja-ground	Central Park	Salt Lake Sector V	3.9	2.4
bc-block-durga-puja-ground	Central Park	Salt Lake Sector V	4.0	2.4
bd-block-durga-puja	Central Park	Salt Lake Sector V	3.7	2.1
cd-block-durga-puja	Central Park	Salt Lake Sector V	4.0	2.4
db-block-durga-puja-ground	Central Park	Salt Lake Sector V	4.1	2.5
maa-durga-pandal-balaka-abasan	Dum Dum	Salt Lake Sector V	7.6	2.0
dakshinayan-residents-welfare-soceity	Kavi Subhash	Kalighat	6.2	1.7
shakti-sangha-clubs-durga-puja-ground	Netaji	Kavi Sukanta	5.3	1.2
